{"cameraMode":{"drawMode":0,"name":"Shaded","section":"Shading Mode"},"sceneLighting":true,"audioPlay":false,"sceneViewState":{"m_AlwaysRefresh":false,"showFog":true,"showSkybox":true,"showFlares":true,"showImageEffects":true,"showParticleSystems":true,"showVisualEffectGraphs":true,"m_FxEnabled":true},"in2DMode":false,"pivot":{"x":-204.39022827148438,"y":1.4423989057540894,"z":183.98231506347657},"rotation":{"x":-0.0004992052563466132,"y":0.3969898819923401,"z":-0.00036434081266634166,"w":-0.9180248379707336},"size":139.62660217285157,"orthographic":false}