{"cameraMode":{"drawMode":0,"name":"Shaded","section":"Shading Mode"},"sceneLighting":false,"audioPlay":false,"sceneViewState":{"m_AlwaysRefresh":false,"showFog":false,"showSkybox":false,"showFlares":false,"showImageEffects":false,"showParticleSystems":false,"showVisualEffectGraphs":true,"m_FxEnabled":true},"in2DMode":false,"pivot":{"x":-1.4612624645233155,"y":0.8533225655555725,"z":-0.22657053172588349},"rotation":{"x":-0.0004992052563466132,"y":0.3969898819923401,"z":-0.00036434081266634166,"w":-0.9180248379707336},"size":0.9031272530555725,"orthographic":false}