{"cameraMode":{"drawMode":0,"name":"Shaded","section":"Shading Mode"},"sceneLighting":false,"audioPlay":false,"sceneViewState":{"m_AlwaysRefresh":false,"showFog":false,"showSkybox":false,"showFlares":false,"showImageEffects":false,"showParticleSystems":false,"showVisualEffectGraphs":true,"m_FxEnabled":true},"in2DMode":false,"pivot":{"x":0.06777798384428024,"y":-1.263211965560913,"z":-4.7280683517456059},"rotation":{"x":-0.008398804813623429,"y":-0.9786580801010132,"z":0.20124711096286775,"w":-0.0408412404358387},"size":3.6314005851745607,"orthographic":false}