{"cameraMode":{"drawMode":0,"name":"Shaded","section":"Shading Mode"},"sceneLighting":false,"audioPlay":false,"sceneViewState":{"m_AlwaysRefresh":false,"showFog":true,"showSkybox":false,"showFlares":true,"showImageEffects":true,"showParticleSystems":true,"showVisualEffectGraphs":true,"m_FxEnabled":true},"in2DMode":false,"pivot":{"x":-0.00011840462684631348,"y":0.8502527475357056,"z":-0.0064117759466171268},"rotation":{"x":0.18862564861774445,"y":-0.32656607031822207,"z":0.06640365719795227,"w":0.9238924384117127},"size":1.0182209014892579,"orthographic":false}